,0,1
0,P54_I,0.17142456031989958
1,P10_L,0.11220982459692244
2,P71_A,0.08395414656569113
3,P46_I,0.060411331005303506
4,P50_L,0.04331774164304775
5,P76_V,0.03568182919457365
6,P84_A,0.028089591662447917
7,P76_L,0.027832909622624857
8,P63_P,0.025394112733947125
9,P84_I,0.024773444612934667
10,P46_M,0.022869436481761273
11,P20_K,0.022550450107303572
12,P48_G,0.02173389098103621
13,P90_M,0.019929224833739507
14,P71_T,0.01742064851087702
15,P50_I,0.014301659697777459
16,P82_T,0.013535418438334206
17,P82_V,0.013388166879656282
18,P54_L,0.01323901140172868
19,P71_V,0.012629310187508534
20,P37_D,0.012259556740407407
21,P82_A,0.010152733033477248
22,P88_D,0.008484362437379737
23,P67_C,0.0075974035270839355
24,P54_V,0.007407412899107503
25,P90_L,0.007377164520848527
26,P23_L,0.007042715242442549
27,P63_H,0.006987310744293523
28,P70_R,0.006514984340836839
29,P77_V,0.006000871748776946
30,P71_I,0.005933668786365778
31,P77_I,0.005525476586594603
32,P10_I,0.005403542711665929
33,P48_M,0.005288171640648299
34,P84_V,0.005028650869116553
35,P70_K,0.0049906998893720364
36,P54_S,0.0048883421435191015
37,P72_M,0.004851901455818427
38,P23_I,0.004494889132514239
39,P13_V,0.004319042955231112
40,P37_S,0.003893805436406894
41,P72_I,0.0033067950027729697
42,P64_I,0.003027235549195866
43,P34_E,0.0029903013440510176
44,P73_G,0.0029409296527953288
45,P16_G,0.0029101744663108373
46,P41_K,0.0027536492429485588
47,P36_M,0.0022862123200482016
48,P93_I,0.0021735465058210428
49,P35_D,0.0021637564992963943
50,P36_L,0.0021557864736379976
51,P20_I,0.0021269268889142962
52,P15_V,0.0018363122597136023
53,P15_I,0.001679347646066313
54,P62_V,0.0015882179900598215
55,P69_H,0.001584490265012561
56,P66_I,0.0015554662041733747
57,P62_I,0.0015509645795240235
58,P93_L,0.0014578556167920047
59,P73_S,0.001447858642973595
60,P89_I,0.0014189124889004848
61,P36_I,0.001304109703009398
62,P89_M,0.0012691134177716572
63,P60_E,0.0012028174323683023
64,P33_F,0.001158891333873088
65,P50_V,0.001103601604025909
66,P74_S,0.001102712853304423
67,P95_F,0.00107371914349952
68,P35_E,0.001061999695065423
69,P64_V,0.0010607731277610694
70,P32_I,0.001013649839308207
71,P39_Q,0.001007492626383067
72,P10_F,0.0009705884167043911
73,P37_N,0.0009280536974273959
74,P63_L,0.0009023673479480445
75,P88_N,0.0008797120486673363
76,P95_G,0.0008552137529966462
77,P48_V,0.0007733278305496256
78,P63_Q,0.0007423898227102179
79,P64_M,0.0007357536214657092
80,P16_A,0.0007041233589772939
81,P43_K,0.0007016518700514024
82,P92_Q,0.0006631614865886907
83,P57_R,0.0006383327890065251
84,P19_L,0.0006329842250416493
85,P32_V,0.0006286690247904896
86,P67_Y,0.0006213496872483406
87,P72_R,0.0006041996563152162
88,P13_I,0.0006015211581996603
89,P53_L,0.0005584503763094467
90,P66_L,0.0005577435104407732
91,P37_E,0.000546116758746869
92,P33_L,0.0005450814347768152
93,P41_R,0.0005206712811705225
94,P60_D,0.0005120505962578471
95,P35_N,0.0004907156539153159
96,P53_F,0.0004458823723554319
97,P19_I,0.0004378098926278156
98,P58_Q,0.00041693694432408054
99,P13_L,0.0004144668347307126
100,P72_V,0.0004131732306467992
101,P57_G,0.000388716035121621
102,P30_D,0.00037368632926590146
103,P12_T,0.000327176647108535
104,P14_K,0.0002621700008685177
105,P24_L,0.000260715981021446
106,P39_P,0.0002512743732817649
107,P92_K,0.00024554374758537693
108,P83_D,0.00023153761277367707
109,P83_N,0.00022841542071394728
110,P69_R,0.0002227638712829301
111,P43_R,0.00021550293718964434
112,P14_R,0.00020809066083505177
113,P30_N,0.00020643457790627546
114,P34_Q,0.00019084564083877946
115,P88_G,0.00018641946166130804
116,P10_V,0.00018191998984748255
117,P43_T,0.00017700640472876516
118,P20_R,0.0001767765696171097
119,P66_V,0.00015967732555020425
120,P71_L,0.0001589697293337625
121,P41_I,0.00015850997080091387
122,P85_I,0.00014478450722455122
123,P74_T,0.00014300098480821163
124,P67_F,0.0001410808319819167
125,P72_T,0.00012354261201640525
126,P73_T,0.0001196097897417373
127,P61_H,0.00011118288338580073
128,P55_R,0.00011010020770441142
129,P84_C,0.00010715111868605686
130,P88_S,0.00010376125895937976
131,P21_Q,9.748336293296297e-05
132,P61_D,9.076157415603086e-05
133,P47_A,8.247995184157421e-05
134,P61_Q,7.26335318105644e-05
135,P61_N,6.625240449448286e-05
136,P55_K,6.302656099102142e-05
137,P24_I,6.0766287327361604e-05
138,P20_T,5.6442820717163785e-05
139,P34_T,5.5226451964087855e-05
140,P69_K,5.1355185496173515e-05
141,P85_V,5.0802445059690835e-05
142,P19_V,4.576631529415109e-05
143,P18_H,4.216417657637436e-05
144,P45_K,3.718341046028392e-05
145,P63_A,3.697126220775229e-05
146,P69_Y,3.55990486205035e-05
147,P82_S,3.480750316088199e-05
148,P41_P,2.8562376730498196e-05
149,P74_A,2.375659595947783e-05
150,P95_C,2.318118496748408e-05
151,P12_S,2.2242175486770035e-05
152,P82_I,2.1108196694244485e-05
153,P12_P,2.0030800452243208e-05
154,P18_Q,1.585730033364093e-05
155,P63_T,1.2766030352324328e-05
156,P82_F,1.0217117648572657e-05
157,P57_K,7.5177877600377284e-06
158,P67_E,7.3305962165294985e-06
159,P66_F,5.984776185944733e-06
160,P63_S,4.515242673104748e-06
161,P89_L,4.42821306175425e-06
162,P37_C,3.3452874631941793e-06
163,P45_R,2.9746035289869102e-06
164,P61_E,2.575807644904152e-06
165,P35_G,1.3600470050977095e-06
166,P54_T,6.206694907775059e-07
167,P1_A,0.0
168,P1_C,0.0
169,P1_D,0.0
170,P1_E,0.0
171,P1_F,0.0
172,P1_G,0.0
173,P1_H,0.0
174,P1_I,0.0
175,P1_K,0.0
176,P1_L,0.0
177,P1_M,0.0
178,P1_N,0.0
179,P1_P,0.0
180,P1_Q,0.0
181,P1_R,0.0
182,P1_S,0.0
183,P1_T,0.0
184,P1_V,0.0
185,P1_W,0.0
186,P1_Y,0.0
187,P2_A,0.0
188,P2_C,0.0
189,P2_D,0.0
190,P2_E,0.0
191,P2_F,0.0
192,P2_G,0.0
193,P2_H,0.0
194,P2_I,0.0
195,P2_K,0.0
196,P2_L,0.0
197,P2_M,0.0
198,P2_N,0.0
199,P2_P,0.0
200,P2_Q,0.0
201,P2_R,0.0
202,P2_S,0.0
203,P2_T,0.0
204,P2_V,0.0
205,P2_W,0.0
206,P2_Y,0.0
207,P3_A,0.0
208,P3_C,0.0
209,P3_D,0.0
210,P3_E,0.0
211,P3_F,0.0
212,P3_G,0.0
213,P3_H,0.0
214,P3_I,0.0
215,P3_K,0.0
216,P3_L,0.0
217,P3_M,0.0
218,P3_N,0.0
219,P3_P,0.0
220,P3_Q,0.0
221,P3_R,0.0
222,P3_S,0.0
223,P3_T,0.0
224,P3_V,0.0
225,P3_W,0.0
226,P3_Y,0.0
227,P4_A,0.0
228,P4_C,0.0
229,P4_D,0.0
230,P4_E,0.0
231,P4_F,0.0
232,P4_G,0.0
233,P4_H,0.0
234,P4_I,0.0
235,P4_K,0.0
236,P4_L,0.0
237,P4_M,0.0
238,P4_N,0.0
239,P4_P,0.0
240,P4_Q,0.0
241,P4_R,0.0
242,P4_S,0.0
243,P4_T,0.0
244,P4_V,0.0
245,P4_W,0.0
246,P4_Y,0.0
247,P5_A,0.0
248,P5_C,0.0
249,P5_D,0.0
250,P5_E,0.0
251,P5_F,0.0
252,P5_G,0.0
253,P5_H,0.0
254,P5_I,0.0
255,P5_K,0.0
256,P5_L,0.0
257,P5_M,0.0
258,P5_N,0.0
259,P5_P,0.0
260,P5_Q,0.0
261,P5_R,0.0
262,P5_S,0.0
263,P5_T,0.0
264,P5_V,0.0
265,P5_W,0.0
266,P5_Y,0.0
267,P6_A,0.0
268,P6_C,0.0
269,P6_D,0.0
270,P6_E,0.0
271,P6_F,0.0
272,P6_G,0.0
273,P6_H,0.0
274,P6_I,0.0
275,P6_K,0.0
276,P6_L,0.0
277,P6_M,0.0
278,P6_N,0.0
279,P6_P,0.0
280,P6_Q,0.0
281,P6_R,0.0
282,P6_S,0.0
283,P6_T,0.0
284,P6_V,0.0
285,P6_W,0.0
286,P6_Y,0.0
287,P7_A,0.0
288,P7_C,0.0
289,P7_D,0.0
290,P7_E,0.0
291,P7_F,0.0
292,P7_G,0.0
293,P7_H,0.0
294,P7_I,0.0
295,P7_K,0.0
296,P7_L,0.0
297,P7_M,0.0
298,P7_N,0.0
299,P7_P,0.0
300,P7_Q,0.0
301,P7_R,0.0
302,P7_S,0.0
303,P7_T,0.0
304,P7_V,0.0
305,P7_W,0.0
306,P7_Y,0.0
307,P8_A,0.0
308,P8_C,0.0
309,P8_D,0.0
310,P8_E,0.0
311,P8_F,0.0
312,P8_G,0.0
313,P8_H,0.0
314,P8_I,0.0
315,P8_K,0.0
316,P8_L,0.0
317,P8_M,0.0
318,P8_N,0.0
319,P8_P,0.0
320,P8_Q,0.0
321,P8_R,0.0
322,P8_S,0.0
323,P8_T,0.0
324,P8_V,0.0
325,P8_W,0.0
326,P8_Y,0.0
327,P9_A,0.0
328,P9_C,0.0
329,P9_D,0.0
330,P9_E,0.0
331,P9_F,0.0
332,P9_G,0.0
333,P9_H,0.0
334,P9_I,0.0
335,P9_K,0.0
336,P9_L,0.0
337,P9_M,0.0
338,P9_N,0.0
339,P9_P,0.0
340,P9_Q,0.0
341,P9_R,0.0
342,P9_S,0.0
343,P9_T,0.0
344,P9_V,0.0
345,P9_W,0.0
346,P9_Y,0.0
347,P10_A,0.0
348,P10_C,0.0
349,P10_D,0.0
350,P10_E,0.0
351,P10_G,0.0
352,P10_H,0.0
353,P10_K,0.0
354,P10_M,0.0
355,P10_N,0.0
356,P10_P,0.0
357,P10_Q,0.0
358,P10_R,0.0
359,P10_S,0.0
360,P10_T,0.0
361,P10_W,0.0
362,P10_Y,0.0
363,P11_A,0.0
364,P11_C,0.0
365,P11_D,0.0
366,P11_E,0.0
367,P11_F,0.0
368,P11_G,0.0
369,P11_H,0.0
370,P11_I,0.0
371,P11_K,0.0
372,P11_L,0.0
373,P11_M,0.0
374,P11_N,0.0
375,P11_P,0.0
376,P11_Q,0.0
377,P11_R,0.0
378,P11_S,0.0
379,P11_T,0.0
380,P11_V,0.0
381,P11_W,0.0
382,P11_Y,0.0
383,P12_A,0.0
384,P12_C,0.0
385,P12_D,0.0
386,P12_E,0.0
387,P12_F,0.0
388,P12_G,0.0
389,P12_H,0.0
390,P12_I,0.0
391,P12_K,0.0
392,P12_L,0.0
393,P12_M,0.0
394,P12_N,0.0
395,P12_Q,0.0
396,P12_R,0.0
397,P12_V,0.0
398,P12_W,0.0
399,P12_Y,0.0
400,P13_A,0.0
401,P13_C,0.0
402,P13_D,0.0
403,P13_E,0.0
404,P13_F,0.0
405,P13_G,0.0
406,P13_H,0.0
407,P13_K,0.0
408,P13_M,0.0
409,P13_N,0.0
410,P13_P,0.0
411,P13_Q,0.0
412,P13_R,0.0
413,P13_S,0.0
414,P13_T,0.0
415,P13_W,0.0
416,P13_Y,0.0
417,P14_A,0.0
418,P14_C,0.0
419,P14_D,0.0
420,P14_E,0.0
421,P14_F,0.0
422,P14_G,0.0
423,P14_H,0.0
424,P14_I,0.0
425,P14_L,0.0
426,P14_M,0.0
427,P14_N,0.0
428,P14_P,0.0
429,P14_Q,0.0
430,P14_S,0.0
431,P14_T,0.0
432,P14_V,0.0
433,P14_W,0.0
434,P14_Y,0.0
435,P15_A,0.0
436,P15_C,0.0
437,P15_D,0.0
438,P15_E,0.0
439,P15_F,0.0
440,P15_G,0.0
441,P15_H,0.0
442,P15_K,0.0
443,P15_L,0.0
444,P15_M,0.0
445,P15_N,0.0
446,P15_P,0.0
447,P15_Q,0.0
448,P15_R,0.0
449,P15_S,0.0
450,P15_T,0.0
451,P15_W,0.0
452,P15_Y,0.0
453,P16_C,0.0
454,P16_D,0.0
455,P16_E,0.0
456,P16_F,0.0
457,P16_H,0.0
458,P16_I,0.0
459,P16_K,0.0
460,P16_L,0.0
461,P16_M,0.0
462,P16_N,0.0
463,P16_P,0.0
464,P16_Q,0.0
465,P16_R,0.0
466,P16_S,0.0
467,P16_T,0.0
468,P16_V,0.0
469,P16_W,0.0
470,P16_Y,0.0
471,P17_A,0.0
472,P17_C,0.0
473,P17_D,0.0
474,P17_E,0.0
475,P17_F,0.0
476,P17_G,0.0
477,P17_H,0.0
478,P17_I,0.0
479,P17_K,0.0
480,P17_L,0.0
481,P17_M,0.0
482,P17_N,0.0
483,P17_P,0.0
484,P17_Q,0.0
485,P17_R,0.0
486,P17_S,0.0
487,P17_T,0.0
488,P17_V,0.0
489,P17_W,0.0
490,P17_Y,0.0
491,P18_A,0.0
492,P18_C,0.0
493,P18_D,0.0
494,P18_E,0.0
495,P18_F,0.0
496,P18_G,0.0
497,P18_I,0.0
498,P18_K,0.0
499,P18_L,0.0
500,P18_M,0.0
501,P18_N,0.0
502,P18_P,0.0
503,P18_R,0.0
504,P18_S,0.0
505,P18_T,0.0
506,P18_V,0.0
507,P18_W,0.0
508,P18_Y,0.0
509,P19_A,0.0
510,P19_C,0.0
511,P19_D,0.0
512,P19_E,0.0
513,P19_F,0.0
514,P19_G,0.0
515,P19_H,0.0
516,P19_K,0.0
517,P19_M,0.0
518,P19_N,0.0
519,P19_P,0.0
520,P19_Q,0.0
521,P19_R,0.0
522,P19_S,0.0
523,P19_T,0.0
524,P19_W,0.0
525,P19_Y,0.0
526,P20_A,0.0
527,P20_C,0.0
528,P20_D,0.0
529,P20_E,0.0
530,P20_F,0.0
531,P20_G,0.0
532,P20_H,0.0
533,P20_L,0.0
534,P20_M,0.0
535,P20_N,0.0
536,P20_P,0.0
537,P20_Q,0.0
538,P20_S,0.0
539,P20_V,0.0
540,P20_W,0.0
541,P20_Y,0.0
542,P21_A,0.0
543,P21_C,0.0
544,P21_D,0.0
545,P21_E,0.0
546,P21_F,0.0
547,P21_G,0.0
548,P21_H,0.0
549,P21_I,0.0
550,P21_K,0.0
551,P21_L,0.0
552,P21_M,0.0
553,P21_N,0.0
554,P21_P,0.0
555,P21_R,0.0
556,P21_S,0.0
557,P21_T,0.0
558,P21_V,0.0
559,P21_W,0.0
560,P21_Y,0.0
561,P22_A,0.0
562,P22_C,0.0
563,P22_D,0.0
564,P22_E,0.0
565,P22_F,0.0
566,P22_G,0.0
567,P22_H,0.0
568,P22_I,0.0
569,P22_K,0.0
570,P22_L,0.0
571,P22_M,0.0
572,P22_N,0.0
573,P22_P,0.0
574,P22_Q,0.0
575,P22_R,0.0
576,P22_S,0.0
577,P22_T,0.0
578,P22_V,0.0
579,P22_W,0.0
580,P22_Y,0.0
581,P23_A,0.0
582,P23_C,0.0
583,P23_D,0.0
584,P23_E,0.0
585,P23_F,0.0
586,P23_G,0.0
587,P23_H,0.0
588,P23_K,0.0
589,P23_M,0.0
590,P23_N,0.0
591,P23_P,0.0
592,P23_Q,0.0
593,P23_R,0.0
594,P23_S,0.0
595,P23_T,0.0
596,P23_V,0.0
597,P23_W,0.0
598,P23_Y,0.0
599,P24_A,0.0
600,P24_C,0.0
601,P24_D,0.0
602,P24_E,0.0
603,P24_F,0.0
604,P24_G,0.0
605,P24_H,0.0
606,P24_K,0.0
607,P24_M,0.0
608,P24_N,0.0
609,P24_P,0.0
610,P24_Q,0.0
611,P24_R,0.0
612,P24_S,0.0
613,P24_T,0.0
614,P24_V,0.0
615,P24_W,0.0
616,P24_Y,0.0
617,P25_A,0.0
618,P25_C,0.0
619,P25_D,0.0
620,P25_E,0.0
621,P25_F,0.0
622,P25_G,0.0
623,P25_H,0.0
624,P25_I,0.0
625,P25_K,0.0
626,P25_L,0.0
627,P25_M,0.0
628,P25_N,0.0
629,P25_P,0.0
630,P25_Q,0.0
631,P25_R,0.0
632,P25_S,0.0
633,P25_T,0.0
634,P25_V,0.0
635,P25_W,0.0
636,P25_Y,0.0
637,P26_A,0.0
638,P26_C,0.0
639,P26_D,0.0
640,P26_E,0.0
641,P26_F,0.0
642,P26_G,0.0
643,P26_H,0.0
644,P26_I,0.0
645,P26_K,0.0
646,P26_L,0.0
647,P26_M,0.0
648,P26_N,0.0
649,P26_P,0.0
650,P26_Q,0.0
651,P26_R,0.0
652,P26_S,0.0
653,P26_T,0.0
654,P26_V,0.0
655,P26_W,0.0
656,P26_Y,0.0
657,P27_A,0.0
658,P27_C,0.0
659,P27_D,0.0
660,P27_E,0.0
661,P27_F,0.0
662,P27_G,0.0
663,P27_H,0.0
664,P27_I,0.0
665,P27_K,0.0
666,P27_L,0.0
667,P27_M,0.0
668,P27_N,0.0
669,P27_P,0.0
670,P27_Q,0.0
671,P27_R,0.0
672,P27_S,0.0
673,P27_T,0.0
674,P27_V,0.0
675,P27_W,0.0
676,P27_Y,0.0
677,P28_A,0.0
678,P28_C,0.0
679,P28_D,0.0
680,P28_E,0.0
681,P28_F,0.0
682,P28_G,0.0
683,P28_H,0.0
684,P28_I,0.0
685,P28_K,0.0
686,P28_L,0.0
687,P28_M,0.0
688,P28_N,0.0
689,P28_P,0.0
690,P28_Q,0.0
691,P28_R,0.0
692,P28_S,0.0
693,P28_T,0.0
694,P28_V,0.0
695,P28_W,0.0
696,P28_Y,0.0
697,P29_A,0.0
698,P29_C,0.0
699,P29_D,0.0
700,P29_E,0.0
701,P29_F,0.0
702,P29_G,0.0
703,P29_H,0.0
704,P29_I,0.0
705,P29_K,0.0
706,P29_L,0.0
707,P29_M,0.0
708,P29_N,0.0
709,P29_P,0.0
710,P29_Q,0.0
711,P29_R,0.0
712,P29_S,0.0
713,P29_T,0.0
714,P29_V,0.0
715,P29_W,0.0
716,P29_Y,0.0
717,P30_A,0.0
718,P30_C,0.0
719,P30_E,0.0
720,P30_F,0.0
721,P30_G,0.0
722,P30_H,0.0
723,P30_I,0.0
724,P30_K,0.0
725,P30_L,0.0
726,P30_M,0.0
727,P30_P,0.0
728,P30_Q,0.0
729,P30_R,0.0
730,P30_S,0.0
731,P30_T,0.0
732,P30_V,0.0
733,P30_W,0.0
734,P30_Y,0.0
735,P31_A,0.0
736,P31_C,0.0
737,P31_D,0.0
738,P31_E,0.0
739,P31_F,0.0
740,P31_G,0.0
741,P31_H,0.0
742,P31_I,0.0
743,P31_K,0.0
744,P31_L,0.0
745,P31_M,0.0
746,P31_N,0.0
747,P31_P,0.0
748,P31_Q,0.0
749,P31_R,0.0
750,P31_S,0.0
751,P31_T,0.0
752,P31_V,0.0
753,P31_W,0.0
754,P31_Y,0.0
755,P32_A,0.0
756,P32_C,0.0
757,P32_D,0.0
758,P32_E,0.0
759,P32_F,0.0
760,P32_G,0.0
761,P32_H,0.0
762,P32_K,0.0
763,P32_L,0.0
764,P32_M,0.0
765,P32_N,0.0
766,P32_P,0.0
767,P32_Q,0.0
768,P32_R,0.0
769,P32_S,0.0
770,P32_T,0.0
771,P32_W,0.0
772,P32_Y,0.0
773,P33_A,0.0
774,P33_C,0.0
775,P33_D,0.0
776,P33_E,0.0
777,P33_G,0.0
778,P33_H,0.0
779,P33_I,0.0
780,P33_K,0.0
781,P33_M,0.0
782,P33_N,0.0
783,P33_P,0.0
784,P33_Q,0.0
785,P33_R,0.0
786,P33_S,0.0
787,P33_T,0.0
788,P33_V,0.0
789,P33_W,0.0
790,P33_Y,0.0
791,P34_A,0.0
792,P34_C,0.0
793,P34_D,0.0
794,P34_F,0.0
795,P34_G,0.0
796,P34_H,0.0
797,P34_I,0.0
798,P34_K,0.0
799,P34_L,0.0
800,P34_M,0.0
801,P34_N,0.0
802,P34_P,0.0
803,P34_R,0.0
804,P34_S,0.0
805,P34_V,0.0
806,P34_W,0.0
807,P34_Y,0.0
808,P35_A,0.0
809,P35_C,0.0
810,P35_F,0.0
811,P35_H,0.0
812,P35_I,0.0
813,P35_K,0.0
814,P35_L,0.0
815,P35_M,0.0
816,P35_P,0.0
817,P35_Q,0.0
818,P35_R,0.0
819,P35_S,0.0
820,P35_T,0.0
821,P35_V,0.0
822,P35_W,0.0
823,P35_Y,0.0
824,P36_A,0.0
825,P36_C,0.0
826,P36_D,0.0
827,P36_E,0.0
828,P36_F,0.0
829,P36_G,0.0
830,P36_H,0.0
831,P36_K,0.0
832,P36_N,0.0
833,P36_P,0.0
834,P36_Q,0.0
835,P36_R,0.0
836,P36_S,0.0
837,P36_T,0.0
838,P36_V,0.0
839,P36_W,0.0
840,P36_Y,0.0
841,P37_A,0.0
842,P37_F,0.0
843,P37_G,0.0
844,P37_H,0.0
845,P37_I,0.0
846,P37_K,0.0
847,P37_L,0.0
848,P37_M,0.0
849,P37_P,0.0
850,P37_Q,0.0
851,P37_R,0.0
852,P37_T,0.0
853,P37_V,0.0
854,P37_W,0.0
855,P37_Y,0.0
856,P38_A,0.0
857,P38_C,0.0
858,P38_D,0.0
859,P38_E,0.0
860,P38_F,0.0
861,P38_G,0.0
862,P38_H,0.0
863,P38_I,0.0
864,P38_K,0.0
865,P38_L,0.0
866,P38_M,0.0
867,P38_N,0.0
868,P38_P,0.0
869,P38_Q,0.0
870,P38_R,0.0
871,P38_S,0.0
872,P38_T,0.0
873,P38_V,0.0
874,P38_W,0.0
875,P38_Y,0.0
876,P39_A,0.0
877,P39_C,0.0
878,P39_D,0.0
879,P39_E,0.0
880,P39_F,0.0
881,P39_G,0.0
882,P39_H,0.0
883,P39_I,0.0
884,P39_K,0.0
885,P39_L,0.0
886,P39_M,0.0
887,P39_N,0.0
888,P39_R,0.0
889,P39_S,0.0
890,P39_T,0.0
891,P39_V,0.0
892,P39_W,0.0
893,P39_Y,0.0
894,P40_A,0.0
895,P40_C,0.0
896,P40_D,0.0
897,P40_E,0.0
898,P40_F,0.0
899,P40_G,0.0
900,P40_H,0.0
901,P40_I,0.0
902,P40_K,0.0
903,P40_L,0.0
904,P40_M,0.0
905,P40_N,0.0
906,P40_P,0.0
907,P40_Q,0.0
908,P40_R,0.0
909,P40_S,0.0
910,P40_T,0.0
911,P40_V,0.0
912,P40_W,0.0
913,P40_Y,0.0
914,P41_A,0.0
915,P41_C,0.0
916,P41_D,0.0
917,P41_E,0.0
918,P41_F,0.0
919,P41_G,0.0
920,P41_H,0.0
921,P41_L,0.0
922,P41_M,0.0
923,P41_N,0.0
924,P41_Q,0.0
925,P41_S,0.0
926,P41_T,0.0
927,P41_V,0.0
928,P41_W,0.0
929,P41_Y,0.0
930,P42_A,0.0
931,P42_C,0.0
932,P42_D,0.0
933,P42_E,0.0
934,P42_F,0.0
935,P42_G,0.0
936,P42_H,0.0
937,P42_I,0.0
938,P42_K,0.0
939,P42_L,0.0
940,P42_M,0.0
941,P42_N,0.0
942,P42_P,0.0
943,P42_Q,0.0
944,P42_R,0.0
945,P42_S,0.0
946,P42_T,0.0
947,P42_V,0.0
948,P42_W,0.0
949,P42_Y,0.0
950,P43_A,0.0
951,P43_C,0.0
952,P43_D,0.0
953,P43_E,0.0
954,P43_F,0.0
955,P43_G,0.0
956,P43_H,0.0
957,P43_I,0.0
958,P43_L,0.0
959,P43_M,0.0
960,P43_N,0.0
961,P43_P,0.0
962,P43_Q,0.0
963,P43_S,0.0
964,P43_V,0.0
965,P43_W,0.0
966,P43_Y,0.0
967,P44_A,0.0
968,P44_C,0.0
969,P44_D,0.0
970,P44_E,0.0
971,P44_F,0.0
972,P44_G,0.0
973,P44_H,0.0
974,P44_I,0.0
975,P44_K,0.0
976,P44_L,0.0
977,P44_M,0.0
978,P44_N,0.0
979,P44_P,0.0
980,P44_Q,0.0
981,P44_R,0.0
982,P44_S,0.0
983,P44_T,0.0
984,P44_V,0.0
985,P44_W,0.0
986,P44_Y,0.0
987,P45_A,0.0
988,P45_C,0.0
989,P45_D,0.0
990,P45_E,0.0
991,P45_F,0.0
992,P45_G,0.0
993,P45_H,0.0
994,P45_I,0.0
995,P45_L,0.0
996,P45_M,0.0
997,P45_N,0.0
998,P45_P,0.0
999,P45_Q,0.0
1000,P45_S,0.0
1001,P45_T,0.0
1002,P45_V,0.0
1003,P45_W,0.0
1004,P45_Y,0.0
1005,P46_A,0.0
1006,P46_C,0.0
1007,P46_D,0.0
1008,P46_E,0.0
1009,P46_F,0.0
1010,P46_G,0.0
1011,P46_H,0.0
1012,P46_K,0.0
1013,P46_L,0.0
1014,P46_N,0.0
1015,P46_P,0.0
1016,P46_Q,0.0
1017,P46_R,0.0
1018,P46_S,0.0
1019,P46_T,0.0
1020,P46_V,0.0
1021,P46_W,0.0
1022,P46_Y,0.0
1023,P47_C,0.0
1024,P47_D,0.0
1025,P47_E,0.0
1026,P47_F,0.0
1027,P47_G,0.0
1028,P47_H,0.0
1029,P47_I,0.0
1030,P47_K,0.0
1031,P47_L,0.0
1032,P47_M,0.0
1033,P47_N,0.0
1034,P47_P,0.0
1035,P47_Q,0.0
1036,P47_R,0.0
1037,P47_S,0.0
1038,P47_T,0.0
1039,P47_V,0.0
1040,P47_W,0.0
1041,P47_Y,0.0
1042,P48_A,0.0
1043,P48_C,0.0
1044,P48_D,0.0
1045,P48_E,0.0
1046,P48_F,0.0
1047,P48_H,0.0
1048,P48_I,0.0
1049,P48_K,0.0
1050,P48_L,0.0
1051,P48_N,0.0
1052,P48_P,0.0
1053,P48_Q,0.0
1054,P48_R,0.0
1055,P48_S,0.0
1056,P48_T,0.0
1057,P48_W,0.0
1058,P48_Y,0.0
1059,P49_A,0.0
1060,P49_C,0.0
1061,P49_D,0.0
1062,P49_E,0.0
1063,P49_F,0.0
1064,P49_G,0.0
1065,P49_H,0.0
1066,P49_I,0.0
1067,P49_K,0.0
1068,P49_L,0.0
1069,P49_M,0.0
1070,P49_N,0.0
1071,P49_P,0.0
1072,P49_Q,0.0
1073,P49_R,0.0
1074,P49_S,0.0
1075,P49_T,0.0
1076,P49_V,0.0
1077,P49_W,0.0
1078,P49_Y,0.0
1079,P50_A,0.0
1080,P50_C,0.0
1081,P50_D,0.0
1082,P50_E,0.0
1083,P50_F,0.0
1084,P50_G,0.0
1085,P50_H,0.0
1086,P50_K,0.0
1087,P50_M,0.0
1088,P50_N,0.0
1089,P50_P,0.0
1090,P50_Q,0.0
1091,P50_R,0.0
1092,P50_S,0.0
1093,P50_T,0.0
1094,P50_W,0.0
1095,P50_Y,0.0
1096,P51_A,0.0
1097,P51_C,0.0
1098,P51_D,0.0
1099,P51_E,0.0
1100,P51_F,0.0
1101,P51_G,0.0
1102,P51_H,0.0
1103,P51_I,0.0
1104,P51_K,0.0
1105,P51_L,0.0
1106,P51_M,0.0
1107,P51_N,0.0
1108,P51_P,0.0
1109,P51_Q,0.0
1110,P51_R,0.0
1111,P51_S,0.0
1112,P51_T,0.0
1113,P51_V,0.0
1114,P51_W,0.0
1115,P51_Y,0.0
1116,P52_A,0.0
1117,P52_C,0.0
1118,P52_D,0.0
1119,P52_E,0.0
1120,P52_F,0.0
1121,P52_G,0.0
1122,P52_H,0.0
1123,P52_I,0.0
1124,P52_K,0.0
1125,P52_L,0.0
1126,P52_M,0.0
1127,P52_N,0.0
1128,P52_P,0.0
1129,P52_Q,0.0
1130,P52_R,0.0
1131,P52_S,0.0
1132,P52_T,0.0
1133,P52_V,0.0
1134,P52_W,0.0
1135,P52_Y,0.0
1136,P53_A,0.0
1137,P53_C,0.0
1138,P53_D,0.0
1139,P53_E,0.0
1140,P53_G,0.0
1141,P53_H,0.0
1142,P53_I,0.0
1143,P53_K,0.0
1144,P53_M,0.0
1145,P53_N,0.0
1146,P53_P,0.0
1147,P53_Q,0.0
1148,P53_R,0.0
1149,P53_S,0.0
1150,P53_T,0.0
1151,P53_V,0.0
1152,P53_W,0.0
1153,P53_Y,0.0
1154,P54_A,0.0
1155,P54_C,0.0
1156,P54_D,0.0
1157,P54_E,0.0
1158,P54_F,0.0
1159,P54_G,0.0
1160,P54_H,0.0
1161,P54_K,0.0
1162,P54_M,0.0
1163,P54_N,0.0
1164,P54_P,0.0
1165,P54_Q,0.0
1166,P54_R,0.0
1167,P54_W,0.0
1168,P54_Y,0.0
1169,P55_A,0.0
1170,P55_C,0.0
1171,P55_D,0.0
1172,P55_E,0.0
1173,P55_F,0.0
1174,P55_G,0.0
1175,P55_H,0.0
1176,P55_I,0.0
1177,P55_L,0.0
1178,P55_M,0.0
1179,P55_N,0.0
1180,P55_P,0.0
1181,P55_Q,0.0
1182,P55_S,0.0
1183,P55_T,0.0
1184,P55_V,0.0
1185,P55_W,0.0
1186,P55_Y,0.0
1187,P56_A,0.0
1188,P56_C,0.0
1189,P56_D,0.0
1190,P56_E,0.0
1191,P56_F,0.0
1192,P56_G,0.0
1193,P56_H,0.0
1194,P56_I,0.0
1195,P56_K,0.0
1196,P56_L,0.0
1197,P56_M,0.0
1198,P56_N,0.0
1199,P56_P,0.0
1200,P56_Q,0.0
1201,P56_R,0.0
1202,P56_S,0.0
1203,P56_T,0.0
1204,P56_V,0.0
1205,P56_W,0.0
1206,P56_Y,0.0
1207,P57_A,0.0
1208,P57_C,0.0
1209,P57_D,0.0
1210,P57_E,0.0
1211,P57_F,0.0
1212,P57_H,0.0
1213,P57_I,0.0
1214,P57_L,0.0
1215,P57_M,0.0
1216,P57_N,0.0
1217,P57_P,0.0
1218,P57_Q,0.0
1219,P57_S,0.0
1220,P57_T,0.0
1221,P57_V,0.0
1222,P57_W,0.0
1223,P57_Y,0.0
1224,P58_A,0.0
1225,P58_C,0.0
1226,P58_D,0.0
1227,P58_E,0.0
1228,P58_F,0.0
1229,P58_G,0.0
1230,P58_H,0.0
1231,P58_I,0.0
1232,P58_K,0.0
1233,P58_L,0.0
1234,P58_M,0.0
1235,P58_N,0.0
1236,P58_P,0.0
1237,P58_R,0.0
1238,P58_S,0.0
1239,P58_T,0.0
1240,P58_V,0.0
1241,P58_W,0.0
1242,P58_Y,0.0
1243,P59_A,0.0
1244,P59_C,0.0
1245,P59_D,0.0
1246,P59_E,0.0
1247,P59_F,0.0
1248,P59_G,0.0
1249,P59_H,0.0
1250,P59_I,0.0
1251,P59_K,0.0
1252,P59_L,0.0
1253,P59_M,0.0
1254,P59_N,0.0
1255,P59_P,0.0
1256,P59_Q,0.0
1257,P59_R,0.0
1258,P59_S,0.0
1259,P59_T,0.0
1260,P59_V,0.0
1261,P59_W,0.0
1262,P59_Y,0.0
1263,P60_A,0.0
1264,P60_C,0.0
1265,P60_F,0.0
1266,P60_G,0.0
1267,P60_H,0.0
1268,P60_I,0.0
1269,P60_K,0.0
1270,P60_L,0.0
1271,P60_M,0.0
1272,P60_N,0.0
1273,P60_P,0.0
1274,P60_Q,0.0
1275,P60_R,0.0
1276,P60_S,0.0
1277,P60_T,0.0
1278,P60_V,0.0
1279,P60_W,0.0
1280,P60_Y,0.0
1281,P61_A,0.0
1282,P61_C,0.0
1283,P61_F,0.0
1284,P61_G,0.0
1285,P61_I,0.0
1286,P61_K,0.0
1287,P61_L,0.0
1288,P61_M,0.0
1289,P61_P,0.0
1290,P61_R,0.0
1291,P61_S,0.0
1292,P61_T,0.0
1293,P61_V,0.0
1294,P61_W,0.0
1295,P61_Y,0.0
1296,P62_A,0.0
1297,P62_C,0.0
1298,P62_D,0.0
1299,P62_E,0.0
1300,P62_F,0.0
1301,P62_G,0.0
1302,P62_H,0.0
1303,P62_K,0.0
1304,P62_L,0.0
1305,P62_M,0.0
1306,P62_N,0.0
1307,P62_P,0.0
1308,P62_Q,0.0
1309,P62_R,0.0
1310,P62_S,0.0
1311,P62_T,0.0
1312,P62_W,0.0
1313,P62_Y,0.0
1314,P63_C,0.0
1315,P63_D,0.0
1316,P63_E,0.0
1317,P63_F,0.0
1318,P63_G,0.0
1319,P63_I,0.0
1320,P63_K,0.0
1321,P63_M,0.0
1322,P63_N,0.0
1323,P63_R,0.0
1324,P63_V,0.0
1325,P63_W,0.0
1326,P63_Y,0.0
1327,P64_A,0.0
1328,P64_C,0.0
1329,P64_D,0.0
1330,P64_E,0.0
1331,P64_F,0.0
1332,P64_G,0.0
1333,P64_H,0.0
1334,P64_K,0.0
1335,P64_L,0.0
1336,P64_N,0.0
1337,P64_P,0.0
1338,P64_Q,0.0
1339,P64_R,0.0
1340,P64_S,0.0
1341,P64_T,0.0
1342,P64_W,0.0
1343,P64_Y,0.0
1344,P65_A,0.0
1345,P65_C,0.0
1346,P65_D,0.0
1347,P65_E,0.0
1348,P65_F,0.0
1349,P65_G,0.0
1350,P65_H,0.0
1351,P65_I,0.0
1352,P65_K,0.0
1353,P65_L,0.0
1354,P65_M,0.0
1355,P65_N,0.0
1356,P65_P,0.0
1357,P65_Q,0.0
1358,P65_R,0.0
1359,P65_S,0.0
1360,P65_T,0.0
1361,P65_V,0.0
1362,P65_W,0.0
1363,P65_Y,0.0
1364,P66_A,0.0
1365,P66_C,0.0
1366,P66_D,0.0
1367,P66_E,0.0
1368,P66_G,0.0
1369,P66_H,0.0
1370,P66_K,0.0
1371,P66_M,0.0
1372,P66_N,0.0
1373,P66_P,0.0
1374,P66_Q,0.0
1375,P66_R,0.0
1376,P66_S,0.0
1377,P66_T,0.0
1378,P66_W,0.0
1379,P66_Y,0.0
1380,P67_A,0.0
1381,P67_D,0.0
1382,P67_G,0.0
1383,P67_H,0.0
1384,P67_I,0.0
1385,P67_K,0.0
1386,P67_L,0.0
1387,P67_M,0.0
1388,P67_N,0.0
1389,P67_P,0.0
1390,P67_Q,0.0
1391,P67_R,0.0
1392,P67_S,0.0
1393,P67_T,0.0
1394,P67_V,0.0
1395,P67_W,0.0
1396,P68_A,0.0
1397,P68_C,0.0
1398,P68_D,0.0
1399,P68_E,0.0
1400,P68_F,0.0
1401,P68_G,0.0
1402,P68_H,0.0
1403,P68_I,0.0
1404,P68_K,0.0
1405,P68_L,0.0
1406,P68_M,0.0
1407,P68_N,0.0
1408,P68_P,0.0
1409,P68_Q,0.0
1410,P68_R,0.0
1411,P68_S,0.0
1412,P68_T,0.0
1413,P68_V,0.0
1414,P68_W,0.0
1415,P68_Y,0.0
1416,P69_A,0.0
1417,P69_C,0.0
1418,P69_D,0.0
1419,P69_E,0.0
1420,P69_F,0.0
1421,P69_G,0.0
1422,P69_I,0.0
1423,P69_L,0.0
1424,P69_M,0.0
1425,P69_N,0.0
1426,P69_P,0.0
1427,P69_Q,0.0
1428,P69_S,0.0
1429,P69_T,0.0
1430,P69_V,0.0
1431,P69_W,0.0
1432,P70_A,0.0
1433,P70_C,0.0
1434,P70_D,0.0
1435,P70_E,0.0
1436,P70_F,0.0
1437,P70_G,0.0
1438,P70_H,0.0
1439,P70_I,0.0
1440,P70_L,0.0
1441,P70_M,0.0
1442,P70_N,0.0
1443,P70_P,0.0
1444,P70_Q,0.0
1445,P70_S,0.0
1446,P70_T,0.0
1447,P70_V,0.0
1448,P70_W,0.0
1449,P70_Y,0.0
1450,P71_C,0.0
1451,P71_D,0.0
1452,P71_E,0.0
1453,P71_F,0.0
1454,P71_G,0.0
1455,P71_H,0.0
1456,P71_K,0.0
1457,P71_M,0.0
1458,P71_N,0.0
1459,P71_P,0.0
1460,P71_Q,0.0
1461,P71_R,0.0
1462,P71_S,0.0
1463,P71_W,0.0
1464,P71_Y,0.0
1465,P72_A,0.0
1466,P72_C,0.0
1467,P72_D,0.0
1468,P72_E,0.0
1469,P72_F,0.0
1470,P72_G,0.0
1471,P72_H,0.0
1472,P72_K,0.0
1473,P72_L,0.0
1474,P72_N,0.0
1475,P72_P,0.0
1476,P72_Q,0.0
1477,P72_S,0.0
1478,P72_W,0.0
1479,P72_Y,0.0
1480,P73_A,0.0
1481,P73_C,0.0
1482,P73_D,0.0
1483,P73_E,0.0
1484,P73_F,0.0
1485,P73_H,0.0
1486,P73_I,0.0
1487,P73_K,0.0
1488,P73_L,0.0
1489,P73_M,0.0
1490,P73_N,0.0
1491,P73_P,0.0
1492,P73_Q,0.0
1493,P73_R,0.0
1494,P73_V,0.0
1495,P73_W,0.0
1496,P73_Y,0.0
1497,P74_C,0.0
1498,P74_D,0.0
1499,P74_E,0.0
1500,P74_F,0.0
1501,P74_G,0.0
1502,P74_H,0.0
1503,P74_I,0.0
1504,P74_K,0.0
1505,P74_L,0.0
1506,P74_M,0.0
1507,P74_N,0.0
1508,P74_P,0.0
1509,P74_Q,0.0
1510,P74_R,0.0
1511,P74_V,0.0
1512,P74_W,0.0
1513,P74_Y,0.0
1514,P75_A,0.0
1515,P75_C,0.0
1516,P75_D,0.0
1517,P75_E,0.0
1518,P75_F,0.0
1519,P75_G,0.0
1520,P75_H,0.0
1521,P75_I,0.0
1522,P75_K,0.0
1523,P75_L,0.0
1524,P75_M,0.0
1525,P75_N,0.0
1526,P75_P,0.0
1527,P75_Q,0.0
1528,P75_R,0.0
1529,P75_S,0.0
1530,P75_T,0.0
1531,P75_V,0.0
1532,P75_W,0.0
1533,P75_Y,0.0
1534,P76_A,0.0
1535,P76_C,0.0
1536,P76_D,0.0
1537,P76_E,0.0
1538,P76_F,0.0
1539,P76_G,0.0
1540,P76_H,0.0
1541,P76_I,0.0
1542,P76_K,0.0
1543,P76_M,0.0
1544,P76_N,0.0
1545,P76_P,0.0
1546,P76_Q,0.0
1547,P76_R,0.0
1548,P76_S,0.0
1549,P76_T,0.0
1550,P76_W,0.0
1551,P76_Y,0.0
1552,P77_A,0.0
1553,P77_C,0.0
1554,P77_D,0.0
1555,P77_E,0.0
1556,P77_F,0.0
1557,P77_G,0.0
1558,P77_H,0.0
1559,P77_K,0.0
1560,P77_L,0.0
1561,P77_M,0.0
1562,P77_N,0.0
1563,P77_P,0.0
1564,P77_Q,0.0
1565,P77_R,0.0
1566,P77_S,0.0
1567,P77_T,0.0
1568,P77_W,0.0
1569,P77_Y,0.0
1570,P78_A,0.0
1571,P78_C,0.0
1572,P78_D,0.0
1573,P78_E,0.0
1574,P78_F,0.0
1575,P78_G,0.0
1576,P78_H,0.0
1577,P78_I,0.0
1578,P78_K,0.0
1579,P78_L,0.0
1580,P78_M,0.0
1581,P78_N,0.0
1582,P78_P,0.0
1583,P78_Q,0.0
1584,P78_R,0.0
1585,P78_S,0.0
1586,P78_T,0.0
1587,P78_V,0.0
1588,P78_W,0.0
1589,P78_Y,0.0
1590,P79_A,0.0
1591,P79_C,0.0
1592,P79_D,0.0
1593,P79_E,0.0
1594,P79_F,0.0
1595,P79_G,0.0
1596,P79_H,0.0
1597,P79_I,0.0
1598,P79_K,0.0
1599,P79_L,0.0
1600,P79_M,0.0
1601,P79_N,0.0
1602,P79_P,0.0
1603,P79_Q,0.0
1604,P79_R,0.0
1605,P79_S,0.0
1606,P79_T,0.0
1607,P79_V,0.0
1608,P79_W,0.0
1609,P79_Y,0.0
1610,P80_A,0.0
1611,P80_C,0.0
1612,P80_D,0.0
1613,P80_E,0.0
1614,P80_F,0.0
1615,P80_G,0.0
1616,P80_H,0.0
1617,P80_I,0.0
1618,P80_K,0.0
1619,P80_L,0.0
1620,P80_M,0.0
1621,P80_N,0.0
1622,P80_P,0.0
1623,P80_Q,0.0
1624,P80_R,0.0
1625,P80_S,0.0
1626,P80_T,0.0
1627,P80_V,0.0
1628,P80_W,0.0
1629,P80_Y,0.0
1630,P81_A,0.0
1631,P81_C,0.0
1632,P81_D,0.0
1633,P81_E,0.0
1634,P81_F,0.0
1635,P81_G,0.0
1636,P81_H,0.0
1637,P81_I,0.0
1638,P81_K,0.0
1639,P81_L,0.0
1640,P81_M,0.0
1641,P81_N,0.0
1642,P81_P,0.0
1643,P81_Q,0.0
1644,P81_R,0.0
1645,P81_S,0.0
1646,P81_T,0.0
1647,P81_V,0.0
1648,P81_W,0.0
1649,P81_Y,0.0
1650,P82_C,0.0
1651,P82_D,0.0
1652,P82_E,0.0
1653,P82_G,0.0
1654,P82_H,0.0
1655,P82_K,0.0
1656,P82_L,0.0
1657,P82_M,0.0
1658,P82_N,0.0
1659,P82_P,0.0
1660,P82_Q,0.0
1661,P82_R,0.0
1662,P82_W,0.0
1663,P82_Y,0.0
1664,P83_A,0.0
1665,P83_C,0.0
1666,P83_E,0.0
1667,P83_F,0.0
1668,P83_G,0.0
1669,P83_H,0.0
1670,P83_I,0.0
1671,P83_K,0.0
1672,P83_L,0.0
1673,P83_M,0.0
1674,P83_P,0.0
1675,P83_Q,0.0
1676,P83_R,0.0
1677,P83_S,0.0
1678,P83_T,0.0
1679,P83_V,0.0
1680,P83_W,0.0
1681,P83_Y,0.0
1682,P84_D,0.0
1683,P84_E,0.0
1684,P84_F,0.0
1685,P84_G,0.0
1686,P84_H,0.0
1687,P84_K,0.0
1688,P84_L,0.0
1689,P84_M,0.0
1690,P84_N,0.0
1691,P84_P,0.0
1692,P84_Q,0.0
1693,P84_R,0.0
1694,P84_S,0.0
1695,P84_T,0.0
1696,P84_W,0.0
1697,P84_Y,0.0
1698,P85_A,0.0
1699,P85_C,0.0
1700,P85_D,0.0
1701,P85_E,0.0
1702,P85_F,0.0
1703,P85_G,0.0
1704,P85_H,0.0
1705,P85_K,0.0
1706,P85_L,0.0
1707,P85_M,0.0
1708,P85_N,0.0
1709,P85_P,0.0
1710,P85_Q,0.0
1711,P85_R,0.0
1712,P85_S,0.0
1713,P85_T,0.0
1714,P85_W,0.0
1715,P85_Y,0.0
1716,P86_A,0.0
1717,P86_C,0.0
1718,P86_D,0.0
1719,P86_E,0.0
1720,P86_F,0.0
1721,P86_G,0.0
1722,P86_H,0.0
1723,P86_I,0.0
1724,P86_K,0.0
1725,P86_L,0.0
1726,P86_M,0.0
1727,P86_N,0.0
1728,P86_P,0.0
1729,P86_Q,0.0
1730,P86_R,0.0
1731,P86_S,0.0
1732,P86_T,0.0
1733,P86_V,0.0
1734,P86_W,0.0
1735,P86_Y,0.0
1736,P87_A,0.0
1737,P87_C,0.0
1738,P87_D,0.0
1739,P87_E,0.0
1740,P87_F,0.0
1741,P87_G,0.0
1742,P87_H,0.0
1743,P87_I,0.0
1744,P87_K,0.0
1745,P87_L,0.0
1746,P87_M,0.0
1747,P87_N,0.0
1748,P87_P,0.0
1749,P87_Q,0.0
1750,P87_R,0.0
1751,P87_S,0.0
1752,P87_T,0.0
1753,P87_V,0.0
1754,P87_W,0.0
1755,P87_Y,0.0
1756,P88_A,0.0
1757,P88_C,0.0
1758,P88_E,0.0
1759,P88_F,0.0
1760,P88_H,0.0
1761,P88_I,0.0
1762,P88_K,0.0
1763,P88_L,0.0
1764,P88_M,0.0
1765,P88_P,0.0
1766,P88_Q,0.0
1767,P88_R,0.0
1768,P88_T,0.0
1769,P88_V,0.0
1770,P88_W,0.0
1771,P88_Y,0.0
1772,P89_A,0.0
1773,P89_C,0.0
1774,P89_D,0.0
1775,P89_E,0.0
1776,P89_F,0.0
1777,P89_G,0.0
1778,P89_H,0.0
1779,P89_K,0.0
1780,P89_N,0.0
1781,P89_P,0.0
1782,P89_Q,0.0
1783,P89_R,0.0
1784,P89_S,0.0
1785,P89_T,0.0
1786,P89_V,0.0
1787,P89_W,0.0
1788,P89_Y,0.0
1789,P90_A,0.0
1790,P90_C,0.0
1791,P90_D,0.0
1792,P90_E,0.0
1793,P90_F,0.0
1794,P90_G,0.0
1795,P90_H,0.0
1796,P90_I,0.0
1797,P90_K,0.0
1798,P90_N,0.0
1799,P90_P,0.0
1800,P90_Q,0.0
1801,P90_R,0.0
1802,P90_S,0.0
1803,P90_T,0.0
1804,P90_V,0.0
1805,P90_W,0.0
1806,P90_Y,0.0
1807,P91_A,0.0
1808,P91_C,0.0
1809,P91_D,0.0
1810,P91_E,0.0
1811,P91_F,0.0
1812,P91_G,0.0
1813,P91_H,0.0
1814,P91_I,0.0
1815,P91_K,0.0
1816,P91_L,0.0
1817,P91_M,0.0
1818,P91_N,0.0
1819,P91_P,0.0
1820,P91_Q,0.0
1821,P91_R,0.0
1822,P91_S,0.0
1823,P91_T,0.0
1824,P91_V,0.0
1825,P91_W,0.0
1826,P91_Y,0.0
1827,P92_A,0.0
1828,P92_C,0.0
1829,P92_D,0.0
1830,P92_E,0.0
1831,P92_F,0.0
1832,P92_G,0.0
1833,P92_H,0.0
1834,P92_I,0.0
1835,P92_L,0.0
1836,P92_M,0.0
1837,P92_N,0.0
1838,P92_P,0.0
1839,P92_R,0.0
1840,P92_S,0.0
1841,P92_T,0.0
1842,P92_V,0.0
1843,P92_W,0.0
1844,P92_Y,0.0
1845,P93_A,0.0
1846,P93_C,0.0
1847,P93_D,0.0
1848,P93_E,0.0
1849,P93_F,0.0
1850,P93_G,0.0
1851,P93_H,0.0
1852,P93_K,0.0
1853,P93_M,0.0
1854,P93_N,0.0
1855,P93_P,0.0
1856,P93_Q,0.0
1857,P93_R,0.0
1858,P93_S,0.0
1859,P93_T,0.0
1860,P93_V,0.0
1861,P93_W,0.0
1862,P93_Y,0.0
1863,P94_A,0.0
1864,P94_C,0.0
1865,P94_D,0.0
1866,P94_E,0.0
1867,P94_F,0.0
1868,P94_G,0.0
1869,P94_H,0.0
1870,P94_I,0.0
1871,P94_K,0.0
1872,P94_L,0.0
1873,P94_M,0.0
1874,P94_N,0.0
1875,P94_P,0.0
1876,P94_Q,0.0
1877,P94_R,0.0
1878,P94_S,0.0
1879,P94_T,0.0
1880,P94_V,0.0
1881,P94_W,0.0
1882,P94_Y,0.0
1883,P95_A,0.0
1884,P95_D,0.0
1885,P95_E,0.0
1886,P95_H,0.0
1887,P95_I,0.0
1888,P95_K,0.0
1889,P95_L,0.0
1890,P95_M,0.0
1891,P95_N,0.0
1892,P95_P,0.0
1893,P95_Q,0.0
1894,P95_R,0.0
1895,P95_S,0.0
1896,P95_T,0.0
1897,P95_V,0.0
1898,P95_W,0.0
1899,P95_Y,0.0
1900,P96_A,0.0
1901,P96_C,0.0
1902,P96_D,0.0
1903,P96_E,0.0
1904,P96_F,0.0
1905,P96_G,0.0
1906,P96_H,0.0
1907,P96_I,0.0
1908,P96_K,0.0
1909,P96_L,0.0
1910,P96_M,0.0
1911,P96_N,0.0
1912,P96_P,0.0
1913,P96_Q,0.0
1914,P96_R,0.0
1915,P96_S,0.0
1916,P96_T,0.0
1917,P96_V,0.0
1918,P96_W,0.0
1919,P96_Y,0.0
1920,P97_A,0.0
1921,P97_C,0.0
1922,P97_D,0.0
1923,P97_E,0.0
1924,P97_F,0.0
1925,P97_G,0.0
1926,P97_H,0.0
1927,P97_I,0.0
1928,P97_K,0.0
1929,P97_L,0.0
1930,P97_M,0.0
1931,P97_N,0.0
1932,P97_P,0.0
1933,P97_Q,0.0
1934,P97_R,0.0
1935,P97_S,0.0
1936,P97_T,0.0
1937,P97_V,0.0
1938,P97_W,0.0
1939,P97_Y,0.0
1940,P98_A,0.0
1941,P98_C,0.0
1942,P98_D,0.0
1943,P98_E,0.0
1944,P98_F,0.0
1945,P98_G,0.0
1946,P98_H,0.0
1947,P98_I,0.0
1948,P98_K,0.0
1949,P98_L,0.0
1950,P98_M,0.0
1951,P98_N,0.0
1952,P98_P,0.0
1953,P98_Q,0.0
1954,P98_R,0.0
1955,P98_S,0.0
1956,P98_T,0.0
1957,P98_V,0.0
1958,P98_W,0.0
1959,P98_Y,0.0
1960,P99_A,0.0
1961,P99_C,0.0
1962,P99_D,0.0
1963,P99_E,0.0
1964,P99_F,0.0
1965,P99_G,0.0
1966,P99_H,0.0
1967,P99_I,0.0
1968,P99_K,0.0
1969,P99_L,0.0
1970,P99_M,0.0
1971,P99_N,0.0
1972,P99_P,0.0
1973,P99_Q,0.0
1974,P99_R,0.0
1975,P99_S,0.0
1976,P99_T,0.0
1977,P99_V,0.0
1978,P99_W,0.0
1979,P99_Y,0.0
